{
  "config": {
    "T": 400,
    "dt": 0.02,
    "seed": 42,
    "lib_dir": "/home/enzo/HYDRA/NMPC/s2gpt_pinn/orca_library_trained",
    "mu_grid": [
      0.6000000238418579,
      0.7142857313156128,
      0.8285714387893677,
      0.9428571462631226,
      1.0571428537368774,
      1.1714285612106323,
      1.2857142686843872,
      1.399999976158142
    ],
    "mu_in": 1.0,
    "mu_out": 1.7499999701976776,
    "mu_step": 200
  },
  "one_step_state_error": {
    "rmse_in_manifold": 0.8444447138142429,
    "p95_in_manifold": 3.9890630290161697,
    "rmse_out_of_manifold": 2.0568777159201934,
    "p95_out_of_manifold": 8.875340101083193
  },
  "one_step_vx_error": {
    "rmse_in_manifold": 0.024168710713986966,
    "p95_in_manifold": 0.059192078493246494,
    "rmse_out_of_manifold": 0.024493626665546032,
    "p95_out_of_manifold": 0.05928129192500687
  },
  "one_step_accel_error": {
    "rmse_in_manifold": 42.22223421181813,
    "p95_in_manifold": 199.4531470223215,
    "rmse_out_of_manifold": 102.84388397688569,
    "p95_out_of_manifold": 443.7669992867176
  },
  "one_step_dvx_error": {
    "rmse_in_manifold": 1.2084355235355522,
    "p95_in_manifold": 2.9596039378871053,
    "rmse_out_of_manifold": 1.224681325367114,
    "p95_out_of_manifold": 2.9640646160875144
  }
}