{
  "config": {
    "out_dir": "/home/enzo/HYDRA/NMPC/s2gpt_pinn/phase3_ablation_results/specs_4_hd32_layers3_topk2/efficiency",
    "lib_dir": "/home/enzo/HYDRA/NMPC/s2gpt_pinn/phase3_ablation_results/specs_4_hd32_layers3_topk2/library",
    "seed": 42,
    "horizon": 10,
    "Ts": 0.02,
    "mu_fixed": 1.0,
    "cost_Q": [
      [
        1.0,
        0.0
      ],
      [
        0.0,
        1.0
      ]
    ],
    "cost_P": [
      [
        0.0,
        0.0
      ],
      [
        0.0,
        0.0
      ]
    ],
    "cost_R": [
      [
        0.005,
        0.0
      ],
      [
        0.0,
        1.0
      ]
    ],
    "params_name": "ORCA(control=pwm)",
    "track": "ETHZ(reference=optimal,longer=True)"
  },
  "models": {
    "physics": {
      "build_ms": 847.9803150039515,
      "build_verbose_ms": 52.16856699553318,
      "nlp_meta": {
        "horizon": 10,
        "Ts": 0.02,
        "n_states": 6,
        "n_inputs": 2,
        "track_cons": false,
        "n_decision": 86,
        "n_constraints": 126,
        "ipopt": {
          "print_level": 0,
          "print_timing_statistics": "no",
          "max_iter": 100
        },
        "casadi": {
          "expand": true
        }
      },
      "dynamics_bench": {
        "eval_ms_per_call": 0.033192134946584705,
        "jac_ms_per_call": 0.03732609998434782,
        "jac_sparsity": {
          "rows": 6,
          "cols": 8,
          "nnz": 21,
          "density": 0.4375
        }
      },
      "symbolic_bench": {
        "g_ms_per_call": 0.0523912999778986,
        "jac_g_x_ms_per_call": 0.05193849988281727,
        "hess_lag_ms_per_call": 0.12327864989638329,
        "jac_g_x_sparsity": {
          "rows": 126,
          "cols": 86,
          "nnz": 384,
          "density": 0.035437430786267994
        },
        "hess_lag_sparsity": {
          "rows": 86,
          "cols": 86,
          "nnz": 296,
          "density": 0.04002163331530557
        }
      },
      "jacobian_sparsity": {
        "rows": 126.0,
        "cols": 86.0,
        "nnz": 384.0,
        "density": 0.035437430786267994,
        "density_percent": 3.5437430786267994
      },
      "solve_ms": {
        "mean_ms": 20.81397010042565,
        "p95_ms": 32.01184264944456,
        "max_ms": 53.92763399868272,
        "min_ms": 10.740303005150054,
        "std_ms": 7.756401026655012,
        "n_steps": 40,
        "ipopt_timing_stats": {}
      },
      "ipopt_verbose_solve_ms": {
        "mean_ms": 31.502794001426082,
        "p95_ms": 31.502794001426082,
        "max_ms": 31.502794001426082,
        "min_ms": 31.502794001426082,
        "std_ms": 0.0,
        "n_steps": 1,
        "ipopt_timing_stats": {
          "raw_found": false
        }
      },
      "artifacts": {
        "ipopt_log": "/home/enzo/HYDRA/NMPC/s2gpt_pinn/phase3_ablation_results/specs_4_hd32_layers3_topk2/efficiency/ipopt_physics.log",
        "jacobian_sparsity_png": "/home/enzo/HYDRA/NMPC/s2gpt_pinn/phase3_ablation_results/specs_4_hd32_layers3_topk2/efficiency/jacobian_sparsity_physics.png"
      }
    },
    "surrogate_native": {
      "build_ms": 2828.8750119972974,
      "build_verbose_ms": 2793.393940999522,
      "nlp_meta": {
        "horizon": 10,
        "Ts": 0.02,
        "n_states": 6,
        "n_inputs": 2,
        "track_cons": false,
        "n_decision": 86,
        "n_constraints": 126,
        "ipopt": {
          "print_level": 0,
          "print_timing_statistics": "no",
          "max_iter": 100
        },
        "casadi": {
          "expand": true
        }
      },
      "dynamics_bench": {
        "eval_ms_per_call": 0.09335012499243021,
        "jac_ms_per_call": 0.2320964900031686,
        "jac_sparsity": {
          "rows": 6,
          "cols": 8,
          "nnz": 22,
          "density": 0.4583333333333333
        }
      },
      "symbolic_bench": {
        "g_ms_per_call": 0.5230606000870466,
        "jac_g_x_ms_per_call": 2.2794619999825954,
        "hess_lag_ms_per_call": 5.091505800187588,
        "jac_g_x_sparsity": {
          "rows": 126,
          "cols": 86,
          "nnz": 394,
          "density": 0.036360280546327055
        },
        "hess_lag_sparsity": {
          "rows": 86,
          "cols": 86,
          "nnz": 356,
          "density": 0.04813412655489454
        }
      },
      "jacobian_sparsity": {
        "rows": 126.0,
        "cols": 86.0,
        "nnz": 394.0,
        "density": 0.036360280546327055,
        "density_percent": 3.636028054632706
      },
      "solve_ms": {
        "mean_ms": 196.4387798010648,
        "p95_ms": 227.04430685007534,
        "max_ms": 243.45202100084862,
        "min_ms": 141.253207999398,
        "std_ms": 20.355199543398225,
        "n_steps": 40,
        "ipopt_timing_stats": {}
      },
      "ipopt_verbose_solve_ms": {
        "mean_ms": 186.9299099998898,
        "p95_ms": 186.9299099998898,
        "max_ms": 186.9299099998898,
        "min_ms": 186.9299099998898,
        "std_ms": 0.0,
        "n_steps": 1,
        "ipopt_timing_stats": {
          "raw_found": false
        }
      },
      "artifacts": {
        "ipopt_log": "/home/enzo/HYDRA/NMPC/s2gpt_pinn/phase3_ablation_results/specs_4_hd32_layers3_topk2/efficiency/ipopt_surrogate_native.log",
        "jacobian_sparsity_png": "/home/enzo/HYDRA/NMPC/s2gpt_pinn/phase3_ablation_results/specs_4_hd32_layers3_topk2/efficiency/jacobian_sparsity_surrogate_native.png"
      }
    }
  },
  "notes": {
    "purpose": "identical BayesRace OCP, swapped dynamics only",
    "track_cons": false,
    "ipopt_timing_stats": "enabled"
  }
}