{
  "config": {
    "out_dir": "/home/enzo/HYDRA/NMPC/s2gpt_pinn/paper_results_bayesrace_efficiency_comparison",
    "lib_dir": "/home/enzo/HYDRA/NMPC/s2gpt_pinn/orca_library_trained",
    "seed": 42,
    "horizon": 10,
    "Ts": 0.02,
    "mu_fixed": 1.0,
    "cost_Q": [
      [
        1.0,
        0.0
      ],
      [
        0.0,
        1.0
      ]
    ],
    "cost_P": [
      [
        0.0,
        0.0
      ],
      [
        0.0,
        0.0
      ]
    ],
    "cost_R": [
      [
        0.005,
        0.0
      ],
      [
        0.0,
        1.0
      ]
    ],
    "params_name": "ORCA(control=pwm)",
    "track": "ETHZ(reference=optimal,longer=True)"
  },
  "models": {
    "physics": {
      "build_ms": 265.0142088532448,
      "build_verbose_ms": 12.479912955313921,
      "nlp_meta": {
        "horizon": 10,
        "Ts": 0.02,
        "n_states": 6,
        "n_inputs": 2,
        "track_cons": false,
        "n_decision": 86,
        "n_constraints": 126,
        "ipopt": {
          "print_level": 0,
          "print_timing_statistics": "no",
          "max_iter": 100
        },
        "casadi": {
          "expand": true
        }
      },
      "dynamics_bench": {
        "eval_ms_per_call": 0.008622984886169433,
        "jac_ms_per_call": 0.009145419597625732,
        "jac_sparsity": {
          "rows": 6,
          "cols": 8,
          "nnz": 21,
          "density": 0.4375
        }
      },
      "symbolic_bench": {
        "g_ms_per_call": 0.015453612804412842,
        "jac_g_x_ms_per_call": 0.019262194633483887,
        "hess_lag_ms_per_call": 0.03874436616897583,
        "jac_g_x_sparsity": {
          "rows": 126,
          "cols": 86,
          "nnz": 384,
          "density": 0.035437430786267994
        },
        "hess_lag_sparsity": {
          "rows": 86,
          "cols": 86,
          "nnz": 296,
          "density": 0.04002163331530557
        }
      },
      "jacobian_sparsity": {
        "rows": 126.0,
        "cols": 86.0,
        "nnz": 384.0,
        "density": 0.035437430786267994,
        "density_percent": 3.5437430786267994
      },
      "solve_ms": {
        "mean_ms": 7.3780407721642405,
        "p95_ms": 8.619916334282596,
        "max_ms": 14.74815490655601,
        "min_ms": 5.282155936583877,
        "std_ms": 1.5807302132491299,
        "n_steps": 40,
        "ipopt_timing_stats": {}
      },
      "ipopt_verbose_solve_ms": {
        "mean_ms": 15.963261015713215,
        "p95_ms": 15.963261015713215,
        "max_ms": 15.963261015713215,
        "min_ms": 15.963261015713215,
        "std_ms": 0.0,
        "n_steps": 1,
        "ipopt_timing_stats": {
          "raw_found": true,
          "total_ipopt_no_f_eval_s": 0.014,
          "total_nlp_f_eval_s": 0.001,
          "timing_statistics": {
            "OverallAlgorithm": {
              "cpu_s": 0.017,
              "sys_s": 0.0,
              "wall_s": 0.016
            },
            "PDSystemSolverTotal": {
              "cpu_s": 0.012,
              "sys_s": 0.0,
              "wall_s": 0.011
            },
            "QualityFunctionSearch": {
              "cpu_s": 0.0,
              "sys_s": 0.0,
              "wall_s": 0.0
            },
            "TryCorrector": {
              "cpu_s": 0.0,
              "sys_s": 0.0,
              "wall_s": 0.0
            },
            "Task1": {
              "cpu_s": 0.0,
              "sys_s": 0.0,
              "wall_s": 0.0
            },
            "Task2": {
              "cpu_s": 0.0,
              "sys_s": 0.0,
              "wall_s": 0.0
            },
            "Task3": {
              "cpu_s": 0.0,
              "sys_s": 0.0,
              "wall_s": 0.0
            },
            "Task4": {
              "cpu_s": 0.0,
              "sys_s": 0.0,
              "wall_s": 0.0
            },
            "Task5": {
              "cpu_s": 0.0,
              "sys_s": 0.0,
              "wall_s": 0.0
            },
            "Task6": {
              "cpu_s": 0.0,
              "sys_s": 0.0,
              "wall_s": 0.0
            }
          },
          "ipopt_reported_nnz_eq_jac": 306,
          "ipopt_reported_nnz_ineq_jac": 78,
          "ipopt_reported_nnz_hess": 188
        }
      },
      "artifacts": {
        "ipopt_log": "/home/enzo/HYDRA/NMPC/s2gpt_pinn/paper_results_bayesrace_efficiency_comparison/ipopt_physics.log",
        "jacobian_sparsity_png": "/home/enzo/HYDRA/NMPC/s2gpt_pinn/paper_results_bayesrace_efficiency_comparison/jacobian_sparsity_physics.png"
      }
    },
    "surrogate_native": {
      "build_ms": 10521.055572899058,
      "build_verbose_ms": 10617.494172882289,
      "nlp_meta": {
        "horizon": 10,
        "Ts": 0.02,
        "n_states": 6,
        "n_inputs": 2,
        "track_cons": false,
        "n_decision": 86,
        "n_constraints": 126,
        "ipopt": {
          "print_level": 0,
          "print_timing_statistics": "no",
          "max_iter": 100
        },
        "casadi": {
          "expand": true
        }
      },
      "dynamics_bench": {
        "eval_ms_per_call": 0.17886849999427795,
        "jac_ms_per_call": 0.762943115234375,
        "jac_sparsity": {
          "rows": 6,
          "cols": 8,
          "nnz": 22,
          "density": 0.4583333333333333
        }
      },
      "symbolic_bench": {
        "g_ms_per_call": 1.6931752562522888,
        "jac_g_x_ms_per_call": 9.115020203590394,
        "hess_lag_ms_per_call": 19.320131146907805,
        "jac_g_x_sparsity": {
          "rows": 126,
          "cols": 86,
          "nnz": 394,
          "density": 0.036360280546327055
        },
        "hess_lag_sparsity": {
          "rows": 86,
          "cols": 86,
          "nnz": 356,
          "density": 0.04813412655489454
        }
      },
      "jacobian_sparsity": {
        "rows": 126.0,
        "cols": 86.0,
        "nnz": 394.0,
        "density": 0.036360280546327055,
        "density_percent": 3.636028054632706
      },
      "solve_ms": {
        "mean_ms": 534.6088263846468,
        "p95_ms": 612.4695816426538,
        "max_ms": 631.3711579423398,
        "min_ms": 455.4762099869549,
        "std_ms": 39.818300936060744,
        "n_steps": 40,
        "ipopt_timing_stats": {}
      },
      "ipopt_verbose_solve_ms": {
        "mean_ms": 614.4004201050848,
        "p95_ms": 614.4004201050848,
        "max_ms": 614.4004201050848,
        "min_ms": 614.4004201050848,
        "std_ms": 0.0,
        "n_steps": 1,
        "ipopt_timing_stats": {
          "raw_found": true,
          "total_ipopt_no_f_eval_s": 0.023,
          "total_nlp_f_eval_s": 0.588,
          "timing_statistics": {
            "OverallAlgorithm": {
              "cpu_s": 0.666,
              "sys_s": 0.0,
              "wall_s": 0.611
            },
            "PDSystemSolverTotal": {
              "cpu_s": 0.009,
              "sys_s": 0.0,
              "wall_s": 0.008
            },
            "QualityFunctionSearch": {
              "cpu_s": 0.0,
              "sys_s": 0.0,
              "wall_s": 0.0
            },
            "TryCorrector": {
              "cpu_s": 0.0,
              "sys_s": 0.0,
              "wall_s": 0.0
            },
            "Task1": {
              "cpu_s": 0.0,
              "sys_s": 0.0,
              "wall_s": 0.0
            },
            "Task2": {
              "cpu_s": 0.0,
              "sys_s": 0.0,
              "wall_s": 0.0
            },
            "Task3": {
              "cpu_s": 0.0,
              "sys_s": 0.0,
              "wall_s": 0.0
            },
            "Task4": {
              "cpu_s": 0.0,
              "sys_s": 0.0,
              "wall_s": 0.0
            },
            "Task5": {
              "cpu_s": 0.0,
              "sys_s": 0.0,
              "wall_s": 0.0
            },
            "Task6": {
              "cpu_s": 0.0,
              "sys_s": 0.0,
              "wall_s": 0.0
            }
          },
          "ipopt_reported_nnz_eq_jac": 316,