{
  "config": {
    "out_dir": "/home/enzo/HYDRA/NMPC/s2gpt_pinn/phase3_ablation_results/specs_4_hd64_layers4_topk2/efficiency",
    "lib_dir": "/home/enzo/HYDRA/NMPC/s2gpt_pinn/phase3_ablation_results/specs_4_hd64_layers4_topk2/library",
    "seed": 42,
    "horizon": 10,
    "Ts": 0.02,
    "mu_fixed": 1.0,
    "cost_Q": [
      [
        1.0,
        0.0
      ],
      [
        0.0,
        1.0
      ]
    ],
    "cost_P": [
      [
        0.0,
        0.0
      ],
      [
        0.0,
        0.0
      ]
    ],
    "cost_R": [
      [
        0.005,
        0.0
      ],
      [
        0.0,
        1.0
      ]
    ],
    "params_name": "ORCA(control=pwm)",
    "track": "ETHZ(reference=optimal,longer=True)"
  },
  "models": {
    "physics": {
      "build_ms": 964.4303669992951,
      "build_verbose_ms": 57.192585001757834,
      "nlp_meta": {
        "horizon": 10,
        "Ts": 0.02,
        "n_states": 6,
        "n_inputs": 2,
        "track_cons": false,
        "n_decision": 86,
        "n_constraints": 126,
        "ipopt": {
          "print_level": 0,
          "print_timing_statistics": "no",
          "max_iter": 100
        },
        "casadi": {
          "expand": true
        }
      },
      "dynamics_bench": {
        "eval_ms_per_call": 0.018726709969341754,
        "jac_ms_per_call": 0.01907446000725031,
        "jac_sparsity": {
          "rows": 6,
          "cols": 8,
          "nnz": 21,
          "density": 0.4375
        }
      },
      "symbolic_bench": {
        "g_ms_per_call": 0.035130500048398974,
        "jac_g_x_ms_per_call": 0.04198694974184036,
        "hess_lag_ms_per_call": 0.09671210013329982,
        "jac_g_x_sparsity": {
          "rows": 126,
          "cols": 86,
          "nnz": 384,
          "density": 0.035437430786267994
        },
        "hess_lag_sparsity": {
          "rows": 86,
          "cols": 86,
          "nnz": 296,
          "density": 0.04002163331530557
        }
      },
      "jacobian_sparsity": {
        "rows": 126.0,
        "cols": 86.0,
        "nnz": 384.0,
        "density": 0.035437430786267994,
        "density_percent": 3.5437430786267994
      },
      "solve_ms": {
        "mean_ms": 16.24618485038809,
        "p95_ms": 20.062449250326587,
        "max_ms": 32.97840600134805,
        "min_ms": 10.424529995361809,
        "std_ms": 3.6888895030790603,
        "n_steps": 40,
        "ipopt_timing_stats": {}
      },
      "ipopt_verbose_solve_ms": {
        "mean_ms": 29.806540995195974,
        "p95_ms": 29.806540995195974,
        "max_ms": 29.806540995195974,
        "min_ms": 29.806540995195974,
        "std_ms": 0.0,
        "n_steps": 1,
        "ipopt_timing_stats": {
          "raw_found": false
        }
      },
      "artifacts": {
        "ipopt_log": "/home/enzo/HYDRA/NMPC/s2gpt_pinn/phase3_ablation_results/specs_4_hd64_layers4_topk2/efficiency/ipopt_physics.log",
        "jacobian_sparsity_png": "/home/enzo/HYDRA/NMPC/s2gpt_pinn/phase3_ablation_results/specs_4_hd64_layers4_topk2/efficiency/jacobian_sparsity_physics.png"
      }
    },
    "surrogate_native": {
      "build_ms": 18228.681027001585,
      "build_verbose_ms": 15558.640581002692,
      "nlp_meta": {
        "horizon": 10,
        "Ts": 0.02,
        "n_states": 6,
        "n_inputs": 2,
        "track_cons": false,
        "n_decision": 86,
        "n_constraints": 126,
        "ipopt": {
          "print_level": 0,
          "print_timing_statistics": "no",
          "max_iter": 100
        },
        "casadi": {
          "expand": true
        }
      },
      "dynamics_bench": {
        "eval_ms_per_call": 0.4744591000303626,
        "jac_ms_per_call": 1.4886234299838543,
        "jac_sparsity": {
          "rows": 6,
          "cols": 8,
          "nnz": 22,
          "density": 0.4583333333333333
        }
      },
      "symbolic_bench": {
        "g_ms_per_call": 2.5623564001172783,
        "jac_g_x_ms_per_call": 11.68225314989686,
        "hess_lag_ms_per_call": 22.228481649979948,
        "jac_g_x_sparsity": {
          "rows": 126,
          "cols": 86,
          "nnz": 394,
          "density": 0.036360280546327055
        },
        "hess_lag_sparsity": {
          "rows": 86,
          "cols": 86,
          "nnz": 356,
          "density": 0.04813412655489454
        }
      },
      "jacobian_sparsity": {
        "rows": 126.0,
        "cols": 86.0,
        "nnz": 394.0,
        "density": 0.036360280546327055,
        "density_percent": 3.636028054632706
      },
      "solve_ms": {
        "mean_ms": 947.4224192757902,
        "p95_ms": 1063.223375095913,
        "max_ms": 1076.1545170025784,
        "min_ms": 676.333125004021,
        "std_ms": 88.75845920649934,
        "n_steps": 40,
        "ipopt_timing_stats": {}
      },
      "ipopt_verbose_solve_ms": {
        "mean_ms": 911.8695409997599,
        "p95_ms": 911.8695409997599,
        "max_ms": 911.8695409997599,
        "min_ms": 911.8695409997599,
        "std_ms": 0.0,
        "n_steps": 1,
        "ipopt_timing_stats": {
          "raw_found": false
        }
      },
      "artifacts": {
        "ipopt_log": "/home/enzo/HYDRA/NMPC/s2gpt_pinn/phase3_ablation_results/specs_4_hd64_layers4_topk2/efficiency/ipopt_surrogate_native.log",
        "jacobian_sparsity_png": "/home/enzo/HYDRA/NMPC/s2gpt_pinn/phase3_ablation_results/specs_4_hd64_layers4_topk2/efficiency/jacobian_sparsity_surrogate_native.png"
      }
    }
  },
  "notes": {
    "purpose": "identical BayesRace OCP, swapped dynamics only",
    "track_cons": false,
    "ipopt_timing_stats": "enabled"
  }
}