{
  "config": {
    "out_dir": "/home/enzo/HYDRA/NMPC/s2gpt_pinn/phase3_ablation_results/specs_4_hd64_layers2_topk4/efficiency",
    "lib_dir": "/home/enzo/HYDRA/NMPC/s2gpt_pinn/phase3_ablation_results/specs_4_hd64_layers2_topk4/library",
    "seed": 42,
    "horizon": 10,
    "Ts": 0.02,
    "mu_fixed": 1.0,
    "cost_Q": [
      [
        1.0,
        0.0
      ],
      [
        0.0,
        1.0
      ]
    ],
    "cost_P": [
      [
        0.0,
        0.0
      ],
      [
        0.0,
        0.0
      ]
    ],
    "cost_R": [
      [
        0.005,
        0.0
      ],
      [
        0.0,
        1.0
      ]
    ],
    "params_name": "ORCA(control=pwm)",
    "track": "ETHZ(reference=optimal,longer=True)"
  },
  "models": {
    "physics": {
      "build_ms": 1077.7959390034084,
      "build_verbose_ms": 61.902703004307114,
      "nlp_meta": {
        "horizon": 10,
        "Ts": 0.02,
        "n_states": 6,
        "n_inputs": 2,
        "track_cons": false,
        "n_decision": 86,
        "n_constraints": 126,
        "ipopt": {
          "print_level": 0,
          "print_timing_statistics": "no",
          "max_iter": 100
        },
        "casadi": {
          "expand": true
        }
      },
      "dynamics_bench": {
        "eval_ms_per_call": 0.02134197000414133,
        "jac_ms_per_call": 0.021623374968767164,
        "jac_sparsity": {
          "rows": 6,
          "cols": 8,
          "nnz": 21,
          "density": 0.4375
        }
      },
      "symbolic_bench": {
        "g_ms_per_call": 0.037788300216197966,
        "jac_g_x_ms_per_call": 0.04445680044591427,
        "hess_lag_ms_per_call": 0.12440984956920147,
        "jac_g_x_sparsity": {
          "rows": 126,
          "cols": 86,
          "nnz": 384,
          "density": 0.035437430786267994
        },
        "hess_lag_sparsity": {
          "rows": 86,
          "cols": 86,
          "nnz": 296,
          "density": 0.04002163331530557
        }
      },
      "jacobian_sparsity": {
        "rows": 126.0,
        "cols": 86.0,
        "nnz": 384.0,
        "density": 0.035437430786267994,
        "density_percent": 3.5437430786267994
      },
      "solve_ms": {
        "mean_ms": 17.215479349943053,
        "p95_ms": 22.94284940144277,
        "max_ms": 34.71085600176593,
        "min_ms": 11.513710000144783,
        "std_ms": 4.244647620248637,
        "n_steps": 40,
        "ipopt_timing_stats": {}
      },
      "ipopt_verbose_solve_ms": {
        "mean_ms": 29.684036002436187,
        "p95_ms": 29.684036002436187,
        "max_ms": 29.684036002436187,
        "min_ms": 29.684036002436187,
        "std_ms": 0.0,
        "n_steps": 1,
        "ipopt_timing_stats": {
          "raw_found": false
        }
      },
      "artifacts": {
        "ipopt_log": "/home/enzo/HYDRA/NMPC/s2gpt_pinn/phase3_ablation_results/specs_4_hd64_layers2_topk4/efficiency/ipopt_physics.log",
        "jacobian_sparsity_png": "/home/enzo/HYDRA/NMPC/s2gpt_pinn/phase3_ablation_results/specs_4_hd64_layers2_topk4/efficiency/jacobian_sparsity_physics.png"
      }
    },
    "surrogate_native": {
      "build_ms": 5603.967916998954,
      "build_verbose_ms": 5574.63177000318,
      "nlp_meta": {
        "horizon": 10,
        "Ts": 0.02,
        "n_states": 6,
        "n_inputs": 2,
        "track_cons": false,
        "n_decision": 86,
        "n_constraints": 126,
        "ipopt": {
          "print_level": 0,
          "print_timing_statistics": "no",
          "max_iter": 100
        },
        "casadi": {
          "expand": true
        }
      },
      "dynamics_bench": {
        "eval_ms_per_call": 0.12427762500941754,
        "jac_ms_per_call": 0.43325105499476196,
        "jac_sparsity": {
          "rows": 6,
          "cols": 8,
          "nnz": 22,
          "density": 0.4583333333333333
        }
      },
      "symbolic_bench": {
        "g_ms_per_call": 0.9985329497605562,
        "jac_g_x_ms_per_call": 5.197613400220871,
        "hess_lag_ms_per_call": 9.022111750021576,
        "jac_g_x_sparsity": {
          "rows": 126,
          "cols": 86,
          "nnz": 394,
          "density": 0.036360280546327055
        },
        "hess_lag_sparsity": {
          "rows": 86,
          "cols": 86,
          "nnz": 356,
          "density": 0.04813412655489454
        }
      },
      "jacobian_sparsity": {
        "rows": 126.0,
        "cols": 86.0,
        "nnz": 394.0,
        "density": 0.036360280546327055,
        "density_percent": 3.636028054632706
      },
      "solve_ms": {
        "mean_ms": 283.1215111506026,
        "p95_ms": 323.14623079982994,
        "max_ms": 332.6049520037486,
        "min_ms": 205.01393399899825,
        "std_ms": 24.638859494995355,
        "n_steps": 40,
        "ipopt_timing_stats": {}
      },
      "ipopt_verbose_solve_ms": {
        "mean_ms": 295.63540900562657,
        "p95_ms": 295.63540900562657,
        "max_ms": 295.63540900562657,
        "min_ms": 295.63540900562657,
        "std_ms": 0.0,
        "n_steps": 1,
        "ipopt_timing_stats": {
          "raw_found": false
        }
      },
      "artifacts": {
        "ipopt_log": "/home/enzo/HYDRA/NMPC/s2gpt_pinn/phase3_ablation_results/specs_4_hd64_layers2_topk4/efficiency/ipopt_surrogate_native.log",
        "jacobian_sparsity_png": "/home/enzo/HYDRA/NMPC/s2gpt_pinn/phase3_ablation_results/specs_4_hd64_layers2_topk4/efficiency/jacobian_sparsity_surrogate_native.png"
      }
    }
  },
  "notes": {
    "purpose": "identical BayesRace OCP, swapped dynamics only",
    "track_cons": false,
    "ipopt_timing_stats": "enabled"
  }
}