{
  "config": {
    "out_dir": "/home/enzo/HYDRA/NMPC/s2gpt_pinn/phase3_ablation_results/specs_4_hd128_layers2_topk4/efficiency",
    "lib_dir": "/home/enzo/HYDRA/NMPC/s2gpt_pinn/phase3_ablation_results/specs_4_hd128_layers2_topk4/library",
    "seed": 42,
    "horizon": 10,
    "Ts": 0.02,
    "mu_fixed": 1.0,
    "cost_Q": [
      [
        1.0,
        0.0
      ],
      [
        0.0,
        1.0
      ]
    ],
    "cost_P": [
      [
        0.0,
        0.0
      ],
      [
        0.0,
        0.0
      ]
    ],
    "cost_R": [
      [
        0.005,
        0.0
      ],
      [
        0.0,
        1.0
      ]
    ],
    "params_name": "ORCA(control=pwm)",
    "track": "ETHZ(reference=optimal,longer=True)"
  },
  "models": {
    "physics": {
      "build_ms": 283.30499599996983,
      "build_verbose_ms": 35.47543200011205,
      "nlp_meta": {
        "horizon": 10,
        "Ts": 0.02,
        "n_states": 6,
        "n_inputs": 2,
        "track_cons": false,
        "n_decision": 86,
        "n_constraints": 126,
        "ipopt": {
          "print_level": 0,
          "print_timing_statistics": "no",
          "max_iter": 100
        },
        "casadi": {
          "expand": true
        }
      },
      "dynamics_bench": {
        "eval_ms_per_call": 0.011267704999772832,
        "jac_ms_per_call": 0.011601749999681488,
        "jac_sparsity": {
          "rows": 6,
          "cols": 8,
          "nnz": 21,
          "density": 0.4375
        }
      },
      "symbolic_bench": {
        "g_ms_per_call": 0.02454984999494627,
        "jac_g_x_ms_per_call": 0.025237649993505328,
        "hess_lag_ms_per_call": 0.050823150004725905,
        "jac_g_x_sparsity": {
          "rows": 126,
          "cols": 86,
          "nnz": 384,
          "density": 0.035437430786267994
        },
        "hess_lag_sparsity": {
          "rows": 86,
          "cols": 86,
          "nnz": 296,
          "density": 0.04002163331530557
        }
      },
      "jacobian_sparsity": {
        "rows": 126.0,
        "cols": 86.0,
        "nnz": 384.0,
        "density": 0.035437430786267994,
        "density_percent": 3.5437430786267994
      },
      "solve_ms": {
        "mean_ms": 9.635656525028935,
        "p95_ms": 11.25423174993328,
        "max_ms": 20.3258060000735,
        "min_ms": 6.221851000191236,
        "std_ms": 2.2521566155980897,
        "n_steps": 40,
        "ipopt_timing_stats": {}
      },
      "ipopt_verbose_solve_ms": {
        "mean_ms": 18.430674999990515,
        "p95_ms": 18.430674999990515,
        "max_ms": 18.430674999990515,
        "min_ms": 18.430674999990515,
        "std_ms": 0.0,
        "n_steps": 1,
        "ipopt_timing_stats": {
          "raw_found": false
        }
      },
      "artifacts": {
        "ipopt_log": "/home/enzo/HYDRA/NMPC/s2gpt_pinn/phase3_ablation_results/specs_4_hd128_layers2_topk4/efficiency/ipopt_physics.log",
        "jacobian_sparsity_png": "/home/enzo/HYDRA/NMPC/s2gpt_pinn/phase3_ablation_results/specs_4_hd128_layers2_topk4/efficiency/jacobian_sparsity_physics.png"
      }
    },
    "surrogate_native": {
      "build_ms": 12154.254894000132,
      "build_verbose_ms": 12937.801309000179,
      "nlp_meta": {
        "horizon": 10,
        "Ts": 0.02,
        "n_states": 6,
        "n_inputs": 2,
        "track_cons": false,
        "n_decision": 86,
        "n_constraints": 126,
        "ipopt": {
          "print_level": 0,
          "print_timing_statistics": "no",
          "max_iter": 100
        },
        "casadi": {
          "expand": true
        }
      },
      "dynamics_bench": {
        "eval_ms_per_call": 0.22293516500038094,
        "jac_ms_per_call": 0.9629417400003877,
        "jac_sparsity": {
          "rows": 6,
          "cols": 8,
          "nnz": 22,
          "density": 0.4583333333333333
        }
      },
      "symbolic_bench": {
        "g_ms_per_call": 2.0226819499977866,
        "jac_g_x_ms_per_call": 10.386818349990062,
        "hess_lag_ms_per_call": 20.898836849990765,
        "jac_g_x_sparsity": {
          "rows": 126,
          "cols": 86,
          "nnz": 394,
          "density": 0.036360280546327055
        },
        "hess_lag_sparsity": {
          "rows": 86,
          "cols": 86,
          "nnz": 356,
          "density": 0.04813412655489454
        }
      },
      "jacobian_sparsity": {
        "rows": 126.0,
        "cols": 86.0,
        "nnz": 394.0,
        "density": 0.036360280546327055,
        "density_percent": 3.636028054632706
      },
      "solve_ms": {
        "mean_ms": 499.74289932497413,
        "p95_ms": 528.541906199996,
        "max_ms": 543.5296729999664,
        "min_ms": 423.0757289999474,
        "std_ms": 22.635314707712112,
        "n_steps": 40,
        "ipopt_timing_stats": {}
      },
      "ipopt_verbose_solve_ms": {
        "mean_ms": 487.15102999994997,
        "p95_ms": 487.15102999994997,
        "max_ms": 487.15102999994997,
        "min_ms": 487.15102999994997,
        "std_ms": 0.0,
        "n_steps": 1,
        "ipopt_timing_stats": {
          "raw_found": false
        }
      },
      "artifacts": {
        "ipopt_log": "/home/enzo/HYDRA/NMPC/s2gpt_pinn/phase3_ablation_results/specs_4_hd128_layers2_topk4/efficiency/ipopt_surrogate_native.log",
        "jacobian_sparsity_png": "/home/enzo/HYDRA/NMPC/s2gpt_pinn/phase3_ablation_results/specs_4_hd128_layers2_topk4/efficiency/jacobian_sparsity_surrogate_native.png"
      }
    }
  },
  "notes": {
    "purpose": "identical BayesRace OCP, swapped dynamics only",
    "track_cons": false,
    "ipopt_timing_stats": "enabled"
  }
}