{
  "config": {
    "out_dir": "/home/enzo/HYDRA/NMPC/s2gpt_pinn/paper_orca_closedloop_results_jit",
    "lib_dir": "/home/enzo/HYDRA/NMPC/s2gpt_pinn/orca_library_trained",
    "seed": 42,
    "dt": 0.02,
    "T": 140,
    "horizon": 10,
    "top_k": 4,
    "vref_low": 1.5,
    "vref_high": 3.0,
    "vref_change_step": 120,
    "mu_change_step": 70,
    "out_multiplier": 1.25,
    "delta_max": 0.35,
    "pwm_min": -0.5,
    "pwm_max": 1.0,
    "ipopt_max_iter": 80,
    "use_jit_for_baked": true
  },
  "closed_loop_in_manifold": {
    "tag": "in",
    "mu_in": 1.0,
    "mu_out": 1.7499999701976776,
    "tracking": {
      "phys_mu": {
        "rmse_vx": 0.3689640534582868,
        "rmse_vy": 0.0,
        "rmse_omega": 0.0
      },
      "phys_baked": {
        "rmse_vx": 0.3689640534582868,
        "rmse_vy": 0.0,
        "rmse_omega": 0.0
      },
      "ens_mu": {
        "rmse_vx": 0.3862739735889417,
        "rmse_vy": 0.06115726904669503,
        "rmse_omega": 1.2003036941756937
      },
      "ens_w": {
        "rmse_vx": 0.3743809198383325,
        "rmse_vy": 0.05776601304351642,
        "rmse_omega": 1.1241089818102903
      },
      "ens_w_topk": {
        "rmse_vx": 0.3701441819638713,
        "rmse_vy": 0.05380871995049313,
        "rmse_omega": 1.04628762834338
      }
    },
    "solve_ms": {
      "phys_mu": {
        "mean": 3.9311930212265938,
        "p95": 4.711806378327304,
        "max": 22.764910012483597
      },
      "phys_baked": {
        "mean": 3.9646314112000542,
        "p95": 4.930599720682946,
        "max": 21.320641972124577
      },
      "ens_mu": {
        "mean": 575.4245440023382,
        "p95": 933.2909287302748,
        "max": 1385.2434660075232
      },
      "ens_w": {
        "mean": 485.0392748322003,
        "p95": 838.5572460480034,
        "max": 1172.3291650414467
      },
      "ens_w_topk": {
        "mean": 484.08110977884166,
        "p95": 677.5581424240953,
        "max": 1179.0361179737374
      }
    },
    "physics_rebuild_ms": {
      "phys_baked": 752.617332036607
    },
    "mode_b_update_ms": {
      "ens_w": {
        "mean": 7.291076314575274,
        "p95": 9.039035136811435,
        "max": 10.592142003588378
      },
      "ens_w_topk": {
        "mean": 7.354842000573927,
        "p95": 9.145131462719291,
        "max": 13.165697106160223
      }
    }
  },
  "closed_loop_out_of_manifold": {
    "tag": "out",
    "mu_in": 1.0,
    "mu_out": 1.7499999701976776,
    "tracking": {
      "phys_mu": {
        "rmse_vx": 0.3689640534582869,
        "rmse_vy": 0.0,
        "rmse_omega": 0.0
      },
      "phys_baked": {
        "rmse_vx": 0.3689640534582869,
        "rmse_vy": 0.0,
        "rmse_omega": 0.0
      },
      "ens_mu": {
        "rmse_vx": 0.8972831741664509,
        "rmse_vy": 0.05619345511480435,
        "rmse_omega": 1.12448916647879
      },
      "ens_w": {
        "rmse_vx": 0.3804511308567152,
        "rmse_vy": 0.0718984081787869,
        "rmse_omega": 1.4494920325558085
      },
      "ens_w_topk": {
        "rmse_vx": 0.3825554468490141,
        "rmse_vy": 0.07504138839719914,
        "rmse_omega": 1.6132885074814058
      }
    },
    "solve_ms": {
      "phys_mu": {
        "mean": 4.044810113188871,
        "p95": 4.565496579743922,
        "max": 24.788214010186493
      },
      "phys_baked": {
        "mean": 4.0349272387973265,
        "p95": 4.614430747460574,
        "max": 23.7713479436934
      },
      "ens_mu": {
        "mean": 408.69108172679626,
        "p95": 559.609309537336,
        "max": 1419.7220330825076
      },
      "ens_w": {
        "mean": 478.9422497098006,
        "p95": 701.9292557728472,
        "max": 1188.5612530168146
      },
      "ens_w_topk": {
        "mean": 513.9325407187944,
        "p95": 699.4315621326676,
        "max": 1191.0703199682757
      }
    },
    "physics_rebuild_ms": {
      "phys_baked": 781.3074039295316
    },
    "mode_b_update_ms": {
      "ens_w": {
        "mean": 7.51891823086834,
        "p95": 9.412798564881086,
        "max": 10.856837034225464
      },
      "ens_w_topk": {
        "mean": 7.491709298467625,
        "p95": 9.317738644313067,
        "max": 10.36853005643934
      }
    }
  }
}