{
  "config": {
    "out_dir": "/home/enzo/HYDRA/NMPC/s2gpt_pinn/paper_results_full",
    "dt": 0.02,
    "horizon": 10,
    "T": 300,
    "seed": 42,
    "n_warmup": 5,
    "n_solves": 50,
    "device": "cpu",
    "n_specialists": 8,
    "hidden_dim": 32,
    "n_layers": 3,
    "window_size": 50,
    "reg": 0.0001,
    "top_k": 4,
    "use_theta": true
  },
  "setup1_overhead": {
    "eval_ms_callback": 0.32260173524264246,
    "eval_ms_native": 0.05606719001661986,
    "speedup": 5.753841687928616
  },
  "setup2_setup_and_solve": {
    "build_ms": {
      "physics_mu": 307.22332396544516,
      "ens_mu": 2801.159374997951,
      "ens_w": 2464.0789900440723
    },
    "solve_ms": {
      "physics_mu": {
        "mean_ms": 13.554974889848381,
        "p95_ms": 15.754959470359609,
        "max_ms": 17.45074102655053
      },
      "ens_mu": {
        "mean_ms": 315.5075000342913,
        "p95_ms": 442.8528308751993,
        "max_ms": 448.08773905970156
      },
      "ens_w": {
        "mean_ms": 253.31135047599673,
        "p95_ms": 433.37512351572514,
        "max_ms": 447.6912459358573
      }
    }
  },
  "setup3_adaptation_recovery": {
    "mode_b_update_ms": {
      "mean": 9.380046547933793,
      "p95": 10.899368661921471,
      "max": 24.174274993129075
    },
    "mode_b_residual": {
      "final": 4.065918284002771,
      "mean": 4.052206418725057
    }
  },
  "setup4_closed_loop_tracking": {
    "tracking_rmse_vx": {
      "phys_theta": 8.850013253341846,
      "phys_baked": 8.850013253341846,
      "ens_mu": 8.850013253341846,
      "ens_w": 8.850013253341846,
      "ens_w_topk": 8.850013253341846
    },
    "solve_ms": {
      "phys_theta": {
        "mean": 15.430693427820295,
        "p95": 17.81684294110164,
        "max": 23.320504929870367
      },
      "phys_baked": {
        "mean": 15.561464962932627,
        "p95": 18.205129902344197,
        "max": 22.84360898192972
      },
      "ens_mu": {
        "mean": 277.6785091731392,
        "p95": 437.4868186889216,
        "max": 473.72902394272387
      },
      "ens_w": {
        "mean": 279.5490462023042,
        "p95": 422.4579730769619,
        "max": 467.4030350288376
      },
      "ens_w_topk": {
        "mean": 283.007535945241,
        "p95": 425.7721809321083,
        "max": 455.5361008970067
      }
    },
    "mode_b_update_ms": {
      "mean": 9.679325729730012,
      "p95": 11.377902585081756,
      "max": 17.182743991725147
    },
    "physics_rebuild_ms": {
      "at_change": 8.7197549873963
    }
  }
}