{
  "config": {
    "out_dir": "/home/enzo/HYDRA/NMPC/s2gpt_pinn/paper_orca_closedloop_results",
    "lib_dir": "/home/enzo/HYDRA/NMPC/s2gpt_pinn/orca_library_trained",
    "seed": 42,
    "dt": 0.02,
    "T": 220,
    "horizon": 10,
    "top_k": 4,
    "vref_low": 1.5,
    "vref_high": 3.0,
    "vref_change_step": 120,
    "mu_change_step": 110,
    "out_multiplier": 1.25,
    "delta_max": 0.35,
    "pwm_min": -0.5,
    "pwm_max": 1.0,
    "ipopt_max_iter": 80,
    "use_jit_for_baked": false
  },
  "closed_loop_in_manifold": {
    "tag": "in",
    "mu_in": 1.0,
    "mu_out": 1.7499999701976776,
    "tracking": {
      "phys_mu": {
        "rmse_vx": 0.2972465780855798,
        "rmse_vy": 0.0,
        "rmse_omega": 0.0
      },
      "phys_baked": {
        "rmse_vx": 0.2972465780855798,
        "rmse_vy": 0.0,
        "rmse_omega": 0.0
      },
      "ens_mu": {
        "rmse_vx": 0.3187100502886285,
        "rmse_vy": 0.06581062178988112,
        "rmse_omega": 1.0406954550276128
      },
      "ens_w": {
        "rmse_vx": 0.3034738877411057,
        "rmse_vy": 0.05190654058676591,
        "rmse_omega": 0.9131337099582627
      },
      "ens_w_topk": {
        "rmse_vx": 0.2999408929400212,
        "rmse_vy": 0.05731483145975567,
        "rmse_omega": 0.9102619873705144
      }
    },
    "solve_ms": {
      "phys_mu": {
        "mean": 4.420930887551204,
        "p95": 5.516788538079708,
        "max": 33.26467901933938
      },
      "phys_baked": {
        "mean": 4.426756030646021,
        "p95": 6.130372255574912,
        "max": 22.07502000965178
      },
      "ens_mu": {
        "mean": 581.6707031340998,
        "p95": 1020.6529537448658,
        "max": 1386.9281290099025
      },
      "ens_w": {
        "mean": 500.03801025694753,
        "p95": 754.0219807531681,
        "max": 1289.6946360124275
      },
      "ens_w_topk": {
        "mean": 519.1289962011019,
        "p95": 757.6228577294387,
        "max": 1166.6552710812539
      }
    },
    "physics_rebuild_ms": {
      "phys_baked": 8.150424109771848
    },
    "mode_b_update_ms": {
      "ens_w": {
        "mean": 8.805081116983914,
        "p95": 9.964262880384922,
        "max": 153.4361579688266
      },
      "ens_w_topk": {
        "mean": 7.987754990891064,
        "p95": 9.872908145189285,
        "max": 12.115126010030508
      }
    }
  },
  "closed_loop_out_of_manifold": {
    "tag": "out",
    "mu_in": 1.0,
    "mu_out": 1.7499999701976776,
    "tracking": {
      "phys_mu": {
        "rmse_vx": 0.2972465780681169,
        "rmse_vy": 0.0,
        "rmse_omega": 0.0
      },
      "phys_baked": {
        "rmse_vx": 0.2972465780681169,
        "rmse_vy": 0.0,
        "rmse_omega": 0.0
      },
      "ens_mu": {
        "rmse_vx": 1.1487088711278046,
        "rmse_vy": 0.04467164220439314,
        "rmse_omega": 1.0149141357125906
      },
      "ens_w": {
        "rmse_vx": 0.31828880925058484,
        "rmse_vy": 0.07535551812811375,
        "rmse_omega": 1.4889342356739403
      },
      "ens_w_topk": {
        "rmse_vx": 0.3099192088366341,
        "rmse_vy": 0.0622935451689731,
        "rmse_omega": 1.1863679616401779
      }
    },
    "solve_ms": {
      "phys_mu": {
        "mean": 4.15367116092717,
        "p95": 4.956728662364183,
        "max": 25.734411901794374
      },
      "phys_baked": {
        "mean": 4.096473419409432,
        "p95": 4.572069738060236,
        "max": 27.426728047430515
      },
      "ens_mu": {
        "mean": 400.6204910227629,
        "p95": 544.8036834946834,
        "max": 1420.2742569614202
      },
      "ens_w": {
        "mean": 493.0577336754182,
        "p95": 653.7745763780548,
        "max": 1378.0471219215542
      },
      "ens_w_topk": {
        "mean": 513.6203934634146,
        "p95": 683.011703379452,
        "max": 1201.9837399711832
      }
    },
    "physics_rebuild_ms": {
      "phys_baked": 7.830020040273666
    },
    "mode_b_update_ms": {
      "ens_w": {
        "mean": 8.19025965956078,
        "p95": 9.902811422944069,
        "max": 14.804661041125655
      },
      "ens_w_topk": {
        "mean": 8.053514042222814,
        "p95": 9.511776710860431,
        "max": 12.262503965757787
      }
    }
  }
}