{
  "meta": {
    "module": "s2gpt_pinn.paper_orca_closedloop",
    "lib_dir": "/home/enzo/HYDRA/NMPC/s2gpt_pinn/orca_library_trained",
    "out_root": "/home/enzo/HYDRA/NMPC/s2gpt_pinn/paper_orca_closedloop_multiseed",
    "seeds": [
      42,
      43,
      44,
      45,
      46
    ],
    "ci_resamples": 1000,
    "ci_alpha": 0.05,
    "python": "3.13.5 | packaged by Anaconda, Inc. | (main, Jun 12 2025, 16:09:02) [GCC 11.2.0]",
    "platform": {
      "system": "Linux",
      "release": "6.6.87.1-microsoft-standard-WSL2",
      "machine": "x86_64"
    },
    "passthrough_args": [ 
      "--T",
      "220",
      "--dt",
      "0.02",
      "--horizon",
      "10",
      "--mu_change_step",
      "110",
      "--out_multiplier",
      "1.25",
      "--top_k",
      "4"
    ]
  },
  "scenarios": {
    "in": {
      "phys_mu": {
        "rmse_vx": {
          "mean": 0.2972465780855798,
          "std": 0.0,
          "ci_lower": 0.2972465780855798,
          "ci_upper": 0.2972465780855798,
          "n": 5
        },
        "rmse_vy": {
          "mean": 0.0,
          "std": 0.0,
          "ci_lower": 0.0,
          "ci_upper": 0.0,
          "n": 5
        },
        "rmse_omega": {
          "mean": 0.0,
          "std": 0.0,
          "ci_lower": 0.0,
          "ci_upper": 0.0,
          "n": 5
        },
        "solve_mean_ms": {
          "mean": 5.35010966205175,
          "std": 0.6228007803224753,
          "ci_lower": 4.6883392857084205,
          "ci_upper": 5.819625243830325,
          "n": 5
        },
        "solve_p95_ms": {
          "mean": 6.013611168204989,
          "std": 0.5361533156187146,
          "ci_lower": 5.44375298464729,
          "ci_upper": 6.442415740025353,
          "n": 5
        },
        "solve_max_ms": {
          "mean": 42.295154598753015,
          "std": 14.826535778519842,
          "ci_lower": 30.545067996172293,
          "ci_upper": 56.10285339874963,
          "n": 5
        }
      },
      "phys_mu_rls": {
        "rmse_vx": {
          "mean": 0.2972465780855798,
          "std": 0.0,
          "ci_lower": 0.2972465780855798,
          "ci_upper": 0.2972465780855798,
          "n": 5
        },
        "rmse_vy": {
          "mean": 0.0,
          "std": 0.0,
          "ci_lower": 0.0,
          "ci_upper": 0.0,
          "n": 5
        },
        "rmse_omega": {
          "mean": 0.0,
          "std": 0.0,
          "ci_lower": 0.0,
          "ci_upper": 0.0,
          "n": 5
        },
        "solve_mean_ms": {
          "mean": 5.360660738564169,
          "std": 0.7528645597901907,
          "ci_lower": 4.576015459520956,
          "ci_upper": 5.882459438357811,
          "n": 5
        },
        "solve_p95_ms": {
          "mean": 6.438632945421432,
          "std": 0.9959334690764196,
          "ci_lower": 5.404404967643245,
          "ci_upper": 7.093217020042175,
          "n": 5
        },
        "solve_max_ms": {
          "mean": 32.7676109924937,
          "std": 5.9032649916708255,
          "ci_lower": 27.539897977658256,
          "ci_upper": 38.49420659980751,
          "n": 5
        }
      },
      "phys_mu_ukf": {
        "rmse_vx": {
          "mean": 0.2972465780855798,
          "std": 0.0,
          "ci_lower": 0.2972465780855798,
          "ci_upper": 0.2972465780855798,
          "n": 5
        },
        "rmse_vy": {
          "mean": 0.0,
          "std": 0.0,
          "ci_lower": 0.0,
          "ci_upper": 0.0,
          "n": 5
        },
        "rmse_omega": {
          "mean": 0.0,
          "std": 0.0,
          "ci_lower": 0.0,
          "ci_upper": 0.0,
          "n": 5
        },
        "solve_mean_ms": {
          "mean": 5.361260833386199,
          "std": 0.7514034840006659,
          "ci_lower": 4.571248522080422,
          "ci_upper": 5.890384885843315,
          "n": 5
        },
        "solve_p95_ms": {
          "mean": 6.3676970060805616,
          "std": 0.9988094314842538,
          "ci_lower": 5.307283738247861,
          "ci_upper": 7.050626599993848,
          "n": 5
        },
        "solve_max_ms": {
          "mean": 34.03739302038957,
          "std": 7.297637186033556,
          "ci_lower": 27.84562202072152,
          "ci_upper": 40.902620199949524,
          "n": 5
        }
      },
      "phys_baked": {
        "rmse_vx": {
          "mean": 0.2972465780855798,
          "std": 0.0,
          "ci_lower": 0.2972465780855798,
          "ci_upper": 0.2972465780855798,
          "n": 5
        },
        "rmse_vy": {
          "mean": 0.0,
          "std": 0.0,
          "ci_lower": 0.0,
          "ci_upper": 0.0,
          "n": 5
        },
        "rmse_omega": {
          "mean": 0.0,
          "std": 0.0,
          "ci_lower": 0.0,
          "ci_upper": 0.0,
          "n": 5
        },
        "solve_mean_ms": {
          "mean": 5.55455775672119,
          "std": 0.6525035714255589,
          "ci_lower": 4.872364276547758,
          "ci_upper": 5.979688586300247,
          "n": 5
        },
        "solve_p95_ms": {
          "mean": 6.642005254802825,
          "std": 0.766193704397239,
          "ci_lower": 5.822352884442807,
          "ci_upper": 7.170604819903019,
          "n": 5
        },
        "solve_max_ms": {
          "mean": 32.84752361707888,
          "std": 5.171495514976821,
          "ci_lower": 28.374013451411884,
          "ci_upper": 37.47284779983602,
          "n": 5
        }
      },
      "ens_mu": {
        "rmse_vx": {
          "mean": 0.3187100502886285,
          "std": 0.0,
          "ci_lower": 0.3187100502886285,
          "ci_upper": 0.3187100502886285,
          "n": 5
        },
        "rmse_vy": {
          "mean": 0.06581062178988112,
          "std": 0.0,
          "ci_lower": 0.06581062178988112,
          "ci_upper": 0.06581062178988112,
          "n": 5
        },
        "rmse_omega": {
          "mean": 1.0406954550276128,
          "std": 0.0,
          "ci_lower": 1.0406954550276128,
          "ci_upper": 1.0406954550276128,
          "n": 5
        },
        "solve_mean_ms": {
          "mean": 669.7811161968152,
          "std": 56.45326049929132,
          "ci_lower": 611.8209195448005,
          "ci_upper": 706.2127776819573,
          "n": 5
        },
        "solve_p95_ms": {
          "mean": 1159.6285547597972,
          "std": 100.18691595577943,
          "ci_lower": 1054.7321504794036,
          "ci_upper": 1221.1831043199936,
          "n": 5
        },
        "solve_max_ms": {
          "mean": 1713.0911327926922,
          "std": 207.48270702180312,
          "ci_lower": 1524.089711578199,
          "ci_upper": 1914.2429863998586,
          "n": 5
        }
      },
      "ens_w": {
        "rmse_vx": {
          "mean": 0.3034738877411057,
          "std": 0.0,
          "ci_lower": 0.3034738877411057,
          "ci_upper": 0.3034738877411057,
          "n": 5
        },
        "rmse_vy": {
          "mean": 0.0519065405867659,
          "std": 6.938893903907228e-18,
          "ci_lower": 0.0519065405867659,
          "ci_upper": 0.0519065405867659,
          "n": 5
        },
        "rmse_omega": {
          "mean": 0.9131337099582627,
          "std": 0.0,
          "ci_lower": 0.9131337099582627,
          "ci_upper": 0.9131337099582627,
          "n": 5
        },
        "solve_mean_ms": {
          "mean": 566.0365847748969,
          "std": 45.559801341940016,
          "ci_lower": 518.3245032187632,
          "ci_upper": 594.7648324316626,
          "n": 5
        },
        "solve_p95_ms": {
          "mean": 861.2267606854515,
          "std": 71.22297144638165,
          "ci_lower": 788.4626581164594,
          "ci_upper": 916.8972538134881,
          "n": 5
        },
        "solve_max_ms": {
          "mean": 1347.3941958333967,
          "std": 137.6843946874266,
          "ci_lower": 1214.755938700057,
          "ci_upper": 1444.6759186001145,
          "n": 5
        }
      },