{
  "one_step_rmse_in_manifold": 0.0,
  "one_step_p95_in_manifold": 0.0,
  "one_step_rmse_out_of_manifold": 0.02031804242111502,
  "one_step_p95_out_of_manifold": 0.026465291097477462
}