{
  "2x2": {
    "final_error": 3.332724584256011,
    "training_time": 74.92182755470276,
    "n_specialists": 20,
    "avg_test_error": 0.11592125206410295,
    "error_history": [
      3.9774115061828716,
      7.915403277684189,
      3.8789639882125364,
      4.268751816977747,
      3.92560122757612,
      3.4554230135239927,
      3.507809339944439,
      3.709272172975231,
      3.5142190058345757,
      3.9041254382383173,
      3.2024896719946696,
      3.2874814901028233,
      3.499215462580384,
      3.749354886951922,
      3.964609753192684,
      3.7647369360577647,
      3.376473080766965,
      3.4270975365276395,
      3.381997297135909,
      3.332724584256011
    ],
    "friction_centers": [
      0.6370861069626261,
      1.1464127259176227,
      1.0984914683186937,
      1.1367278871083157,
      0.35854643368675154,
      0.4762120213103668,
      0.9218439642922194,
      1.0803650867220933,
      0.8410035105688878,
      1.1103762514469973,
      0.573818018663584,
      0.6348162772135049,
      0.9615639394234972,
      0.32281566907391174,
      0.5928597283433409,
      0.30496990541124214,
      1.060387779872509,
      0.3366976273992875,
      0.9534822003503953,
      1.0699145256099065
    ]
  },
  "4x4": {
    "final_error": 2.0712337930009586,
    "training_time": 88.62796926498413,
    "n_specialists": 20,
    "avg_test_error": 0.11322892630955594,
    "error_history": [
      2.77425536697001,
      2.745566689978223,
      2.2205258011514974,
      2.482086744112009,
      2.7177559331197423,
      2.7470499574499065,
      2.7114997485445707,
      2.4019674534109443,
      2.1832379429620876,
      2.0186275987925733,
      2.01520605022243,
      2.522499244886182,
      2.2747939224140583,
      2.527967502111762,
      2.113251194730989,
      2.0017302965506283,
      1.971412232146241,
      2.1470369049058924,
      2.1027080900494868,
      2.0712337930009586
    ],
    "friction_centers": [
      0.6370861069626261,
      1.1010048076358097,
      1.1464127259176227,
      0.3045554254615968,
      0.9615639394234972,
      0.7669115595690295,
      1.0803650867220933,
      1.1425392967447028,
      1.1367278871083157,
      1.1672579793803275,
      0.32281566907391174,
      1.1103762514469973,
      0.8778284815388588,
      0.5563564449397208,
      0.8928242684570504,
      0.9534822003503953,
      0.4762120213103668,
      0.7943039982355083,
      0.3062569174780716,
      1.0896357647351598
    ]
  },
  "8x8": {
    "final_error": 1.509698881111315,
    "training_time": 119.61523842811584,
    "n_specialists": 20,
    "avg_test_error": 0.11303394863743119,
    "error_history": [
      2.437583642494616,
      2.0891030247686944,
      1.7403478438427658,
      1.4763200352182722,
      1.6568902819110305,
      1.463363794784043,
      1.5880022912414178,
      1.8548833234210558,
      1.7124792248523228,
      1.6440421347740255,
      1.54527228380263,
      1.9906668661862115,
      1.6430067019685963,
      1.550280204357117,
      1.5770733879402774,
      1.4789820507202622,
      1.5383385035602037,
      1.7551482781248116,
      1.6059134082800373,
      1.509698881111315
    ],
    "friction_centers": [
      0.6370861069626261,
      1.060387779872509,
      1.1464127259176227,
      0.3045554254615968,
      1.1425392967447028,
      0.7920392514089516,
      1.1367278871083157,
      1.0803650867220933,
      0.35854643368675154,
      1.0699145256099065,
      1.0984914683186937,
      0.5563564449397208,
      1.1010048076358097,
      1.1672579793803275,
      0.8778284815388588,
      0.4762120213103668,
      1.1103762514469973,
      0.9615639394234972,
      0.5928597283433409,
      0.30496990541124214
    ]
  },
  "10x10": {
    "final_error": 1.7867522257242887,
    "training_time": 136.80089950561523,
    "n_specialists": 20,
    "avg_test_error": 0.1149067010303059,
    "error_history": [
      2.475990781032209,
      2.031577238901811,
      1.7730850925202328,
      1.4736026775849118,
      1.7116616081979639,
      1.5159659275517197,
      1.4465318606374027,
      1.534983512895552,
      1.9473833795333657,
      1.5829833264053423,
      1.2974468728566175,
      1.5125293411439005,
      1.5868691155395314,
      1.508981659654901,
      1.4816830831890118,
      1.654051541653213,
      1.3482021623103404,
      1.3579992270954457,
      1.7428230374069755,
      1.7867522257242887
    ],
    "friction_centers": [
      0.6370861069626261,
      1.060387779872509,
      1.1464127259176227,
      0.5386821309135529,
      0.35854643368675154,
      1.1425392967447028,
      0.3045554254615968,
      1.0803650867220933,
      1.1367278871083157,
      0.5563564449397208,
      0.7920392514089516,
      1.0896357647351598,
      0.9615639394234972,
      0.32281566907391174,
      1.1103762514469973,
      0.4762120213103668,
      0.9534822003503953,
      0.37964325184672754,
      1.0984914683186937,
      1.0699145256099065
    ]
  },
  "20x20": {
    "final_error": 1.393768825081578,
    "training_time": 193.199316740036,
    "n_specialists": 20,
    "avg_test_error": 0.11668634639184014,
    "error_history": [
      2.2534422145733366,
      1.9418428766986038,
      1.9903066154590563,
      1.3308569030983792,
      1.8933394780488266,
      1.5356142021025445,
      1.2835846024295294,
      1.626466870354488,
      1.6131419691942344,
      1.5176231431053817,
      1.4355479174021069,
      1.2640565865036735,
      1.2797092125023741,
      1.2486489236194653,
      1.3140560432535284,
      1.3303456506533617,
      1.5996591078444828,
      1.6913460520488566,
      1.2857721923656091,
      1.393768825081578
    ],
    "friction_centers": [
      0.6370861069626261,
      1.060387779872509,
      0.3045554254615968,
      1.1464127259176227,
      0.5386821309135529,
      1.1672579793803275,
      0.4762120213103668,
      0.5528410587186426,
      1.1103762514469973,
      1.1367278871083157,
      0.5563564449397208,
      0.32281566907391174,
      0.8778284815388588,
      1.0803650867220933,
      0.6776400561850109,
      0.30496990541124214,
      0.37964325184672754,
      0.9615639394234972,
      1.1010048076358097,
      1.0896357647351598
    ]
  },
  "32x32": {
    "final_error": 1.4062206646092417,
    "training_time": 225.69226789474487,
    "n_specialists": 20,
    "avg_test_error": 0.11730701482965533,
    "error_history": [
      2.275535265353021,
      1.9651129103148877,
      1.8336833640870547,
      1.6011299795904004,
      1.5328920543595934,
      1.5648128912411678,
      1.4624163298077388,
      1.4337370492749573,
      1.6720707870071478,
      1.6985888505763194,
      1.208986790914187,
      1.1525686695967097,
      1.343131536337633,
      1.2649502362808842,
      1.353683410116869,
      1.4591329482696875,
      1.6937067714300749,
      1.414671430987295,
      1.725805076431568,
      1.4062206646092417
    ],
    "friction_centers": [
      0.6370861069626261,
      1.060387779872509,
      1.1464127259176227,
      0.3045554254615968,
      0.7920392514089516,
      0.32281566907391174,
      1.1672579793803275,
      1.0803650867220933,
      0.5563564449397208,
      1.1010048076358097,
      0.8778284815388588,
      1.1367278871083157,
      0.5528410587186426,
      0.4762120213103668,
      0.37964325184672754,
      0.9534822003503953,
      0.3062569174780716,
      1.1103762514469973,
      1.1425392967447028,
      0.35854643368675154
    ]
  },
  "64x64": {
    "final_error": 7.860708972913349,
    "training_time": 187.45879936218262,
    "n_specialists": 20,
    "avg_test_error": 0.11070027494522958,